Category,Product,Price (USD),Supplier,SupplierPhone,SupplierAddress
Beverages,Coca-Cola Classic 20oz,2.14,The Coca-Cola Company,+1 800-557-4616,"Atlanta, GA 30313"
Beverages,Diet Coke 20oz,2.72,The Coca-Cola Company,+1 800-557-4616,"Atlanta, GA 30313"
Beverages,Coke Zero Sugar 20oz,2.67,The Coca-Cola Company,+1 800-557-4616,"Atlanta, GA 30313"
Beverages,Cherry Coke 20oz,2.78,The Coca-Cola Company,+1 800-557-4616,"Atlanta, GA 30313"
Beverages,Sprite 20oz,2.55,The Coca-Cola Company,+1 800-557-4616,"Atlanta, GA 30313"
Beverages,Fanta Orange 20oz,2.53,The Coca-Cola Company,+1 800-557-4616,"Atlanta, GA 30313"
Beverages,Pepsi 20oz,2.16,PepsiCo,+1 914-253-2000,"PepsiCo HQ, 700 Anderson Hill Rd, Purchase, NY 10577, USA"
Beverages,Diet Pepsi 20oz,2.76,PepsiCo,+1 914-253-2000,"PepsiCo HQ, 700 Anderson Hill Rd, Purchase, NY 10577, USA"
Beverages,Mountain Dew 20oz,2.04,PepsiCo,+1 914-253-2000,"PepsiCo HQ, 700 Anderson Hill Rd, Purchase, NY 10577, USA"
Beverages,Diet Mountain Dew 20oz,2.56,PepsiCo,+1 914-253-2000,"PepsiCo HQ, 700 Anderson Hill Rd, Purchase, NY 10577, USA"
Beverages,Dr Pepper 20oz,2.19,Keurig Dr Pepper,+1 888-249-4588,"Keurig Dr Pepper HQ, 53 South Ave, Burlington, MA 01803, USA"
Beverages,Diet Dr Pepper 20oz,2.20,Keurig Dr Pepper,+1 888-249-4588,"Keurig Dr Pepper HQ, 53 South Ave, Burlington, MA 01803, USA"
Beverages,7UP 20oz,2.28,Keurig Dr Pepper,+1 888-249-4588,"Keurig Dr Pepper HQ, 53 South Ave, Burlington, MA 01803, USA"
Beverages,A&W Root Beer 20oz,2.28,Keurig Dr Pepper,+1 888-249-4588,"Keurig Dr Pepper HQ, 53 South Ave, Burlington, MA 01803, USA"
Beverages,Canada Dry Ginger Ale 20oz,2.04,Keurig Dr Pepper,+1 888-249-4588,"Keurig Dr Pepper HQ, 53 South Ave, Burlington, MA 01803, USA"
Beverages,Sunkist Orange Soda 20oz,2.05,Keurig Dr Pepper,+1 888-249-4588,"Keurig Dr Pepper HQ, 53 South Ave, Burlington, MA 01803, USA"
Beverages,Coca-Cola Classic 12oz Can,1.41,The Coca-Cola Company,+1 800-557-4616,"Atlanta, GA 30313"
Beverages,Pepsi 12oz Can,1.28,PepsiCo,+1 914-253-2000,"PepsiCo HQ, 700 Anderson Hill Rd, Purchase, NY 10577, USA"
Beverages,Sprite 12oz Can,1.43,The Coca-Cola Company,+1 800-557-4616,"Atlanta, GA 30313"
Beverages,Dasani Purified Water 500ml,1.53,The Coca-Cola Company,+1 800-557-4616,"Atlanta, GA 30313"
Beverages,Aquafina Purified Water 500ml,1.22,PepsiCo,+1 914-253-2000,"PepsiCo HQ, 700 Anderson Hill Rd, Purchase, NY 10577, USA"
Beverages,Nestle Pure Life Water 500ml,1.36,Nestlé Waters North America (BlueTriton Brands),+1 203-531-4100,"BlueTriton Brands HQ, 900 Long Ridge Rd, Stamford, CT 06902, USA"
Beverages,Poland Spring Water 500ml,1.22,BlueTriton Brands,+1 203-531-4100,"BlueTriton Brands HQ, 900 Long Ridge Rd, Stamford, CT 06902, USA"
Beverages,Smartwater 1L,2.35,The Coca-Cola Company,+1 800-557-4616,"Atlanta, GA 30313"
Beverages,Fiji Natural Artesian Water 500ml,2.41,Fiji Water Company LLC,+1 310-966-5700,"Fiji Water HQ, 11444 W Olympic Blvd, Los Angeles, CA 90064, USA"
Beverages,Perrier Sparkling Water 500ml,2.11,Nestlé Waters,+41 21 924 2111,"Nestlé HQ, Avenue Nestlé 55, 1800 Vevey, Switzerland"
Beverages,La Croix Sparkling Water - Lime Can,1.37,National Beverage Corp.,+1 954-581-0922,"National Beverage Corp. HQ, Fort Lauderdale, FL, USA"
Beverages,Bubly Sparkling Water - Cherry Can,1.56,PepsiCo,+1 914-253-2000,"PepsiCo HQ, 700 Anderson Hill Rd, Purchase, NY 10577, USA"
Beverages,Vitaminwater Zero - Rise (Orange) 20oz,2.35,The Coca-Cola Company,+1 800-557-4616,"Atlanta, GA 30313"
Beverages,LIFEWTR Purified pH Balanced Water 1L,3.31,PepsiCo,+1 914-253-2000,"PepsiCo HQ, 700 Anderson Hill Rd, Purchase, NY 10577, USA"
Beverages,Tropicana Orange Juice 15.2oz,2.77,PepsiCo,+1 914-253-2000,"PepsiCo HQ, 700 Anderson Hill Rd, Purchase, NY 10577, USA"
Beverages,Minute Maid Apple Juice 16oz,3.17,The Coca-Cola Company,+1 800-557-4616,"Atlanta, GA 30313"
Beverages,Ocean Spray Cranberry Juice Cocktail 15.2oz,3.15,"Ocean Spray Cranberries, Inc.",+1 508-946-1000,"Ocean Spray HQ, 1 Ocean Spray Dr, Lakeville-Middleboro, MA 02349, USA"
Beverages,Welch's Grape Juice 16oz,3.33,Welch Foods Inc.,+1 978-371-1000,"Welch's HQ, 300 Baker Ave, Concord, MA 01742, USA"
Beverages,Simply Lemonade 20oz,2.54,The Coca-Cola Company,+1 800-557-4616,"Atlanta, GA 30313"
Beverages,Naked Juice - Green Machine 15.2oz,3.51,PepsiCo,+1 914-253-2000,"PepsiCo HQ, 700 Anderson Hill Rd, Purchase, NY 10577, USA"
Beverages,V8 Original 100% Vegetable Juice 11.5oz Can,2.09,Campbell Soup Company,+1 800-257-8443,"Campbell Soup HQ, 1 Campbell Pl, Camden, NJ 08103, USA"
Beverages,Red Bull Energy Drink 8.4oz,3.10,Red Bull GmbH,+43 662 65820,"Red Bull HQ, Am Brunnen 1, 5330 Fuschl am See, Austria"
Beverages,Red Bull Sugarfree 8.4oz,2.90,Red Bull GmbH,+43 662 65820,"Red Bull HQ, Am Brunnen 1, 5330 Fuschl am See, Austria"
Beverages,Monster Energy - Green Original 16oz,3.71,Monster Beverage Corporation,+1 866-322-4466,"Monster Beverage HQ, 1 Monster Way, Corona, CA 92879, USA"
Beverages,Monster Energy - Lo-Carb 16oz,3.72,Monster Beverage Corporation,+1 866-322-4466,"Monster Beverage HQ, 1 Monster Way, Corona, CA 92879, USA"
Beverages,Monster Energy - Ultra White 16oz,3.79,Monster Beverage Corporation,+1 866-322-4466,"Monster Beverage HQ, 1 Monster Way, Corona, CA 92879, USA"
Beverages,Rockstar Energy Drink - Original 16oz,2.89,PepsiCo,+1 914-253-2000,"PepsiCo HQ, 700 Anderson Hill Rd, Purchase, NY 10577, USA"
Beverages,5-hour Energy Shot - Berry,3.28,"Living Essentials, LLC",+1 248-960-1700,"Living Essentials HQ, Farmington Hills, MI, USA"
Beverages,Gatorade - Lemon Lime 20oz,2.07,PepsiCo,+1 914-253-2000,"PepsiCo HQ, 700 Anderson Hill Rd, Purchase, NY 10577, USA"
Beverages,Gatorade - Fruit Punch 20oz,2.57,PepsiCo,+1 914-253-2000,"PepsiCo HQ, 700 Anderson Hill Rd, Purchase, NY 10577, USA"
Beverages,Gatorade - Orange 20oz,2.99,PepsiCo,+1 914-253-2000,"PepsiCo HQ, 700 Anderson Hill Rd, Purchase, NY 10577, USA"
Beverages,Gatorade Zero - Glacier Cherry 20oz,3.10,PepsiCo,+1 914-253-2000,"PepsiCo HQ, 700 Anderson Hill Rd, Purchase, NY 10577, USA"
Beverages,Powerade - Mountain Berry Blast 20oz,1.82,The Coca-Cola Company,+1 800-557-4616,"Atlanta, GA 30313"
Beverages,Powerade Zero - Mixed Berry 20oz,2.70,The Coca-Cola Company,+1 800-557-4616,"Atlanta, GA 30313"
Beverages,Starbucks Frappuccino - Mocha 13.7oz,4.61,PepsiCo (North American Coffee Partnership),+1 914-253-2000,"PepsiCo HQ, 700 Anderson Hill Rd, Purchase, NY 10577, USA"
Beverages,Starbucks Frappuccino - Vanilla 13.7oz,3.28,PepsiCo (North American Coffee Partnership),+1 914-253-2000,"PepsiCo HQ, 700 Anderson Hill Rd, Purchase, NY 10577, USA"
Beverages,Starbucks Doubleshot Energy - Coffee 15oz,4.77,PepsiCo (North American Coffee Partnership),+1 914-253-2000,"PepsiCo HQ, 700 Anderson Hill Rd, Purchase, NY 10577, USA"
Beverages,Dunkin' Iced Coffee - Original 13.7oz,4.32,The Coca-Cola Company,+1 800-557-4616,"Atlanta, GA 30313"
Beverages,High Brew Cold Brew Coffee - Black & Bold,4.04,High Brew Coffee,+1 512-852-9900,"High Brew Coffee HQ, Austin, TX, USA"
Beverages,Pure Leaf Iced Tea - Sweet Tea 18.5oz,2.44,PepsiCo/Unilever,Contact Local Distributor,See Local Distributor Address
Beverages,Pure Leaf Iced Tea - Unsweetened Black Tea 18.5oz,2.79,PepsiCo/Unilever,Contact Local Distributor,See Local Distributor Address
Beverages,Lipton Brisk Iced Tea - Lemon 1L,1.98,PepsiCo/Unilever,Contact Local Distributor,See Local Distributor Address
Beverages,Arizona Green Tea with Ginseng and Honey 23oz Can,1.05,Arizona Beverages USA,+1 516-812-0300,"Arizona Beverages HQ, Woodbury, NY, USA"
Beverages,Arizona Arnold Palmer Half & Half 23oz Can,1.20,Arizona Beverages USA,+1 516-812-0300,"Arizona Beverages HQ, Woodbury, NY, USA"
Beverages,Gold Peak Tea - Sweet Tea 18.5oz,2.04,The Coca-Cola Company,+1 800-557-4616,"Atlanta, GA 30313"
Beverages,GT's Synergy Kombucha - Gingerade 16oz,4.49,GT's Living Foods,+1 877-735-8423,"GT's Living Foods HQ, Beverly Hills, CA, USA"
Beverages,Vita Coco Coconut Water 500ml,3.34,Vita Coco,+1 212-206-0763,"Vita Coco HQ, New York, NY, USA"
Beverages,OKF Aloe Vera King Drink - Original 16.9oz,2.61,OKF Corporation,+82 2-491-1877,"OKF HQ, Seoul, South Korea"
Beverages,Nesquik Chocolate Milk 14oz,3.16,Nestlé,+41 21 924 2111,"Nestlé HQ, Avenue Nestlé 55, 1800 Vevey, Switzerland"
Beverages,Yoo-hoo Chocolate Drink 11oz Can,1.34,Keurig Dr Pepper,+1 888-249-4588,"Keurig Dr Pepper HQ, 53 South Ave, Burlington, MA 01803, USA"
Snacks,Lay's Classic Potato Chips (Single),1.68,Frito-Lay (PepsiCo),+1 800-352-4477,"Frito-Lay HQ, 7701 Legacy Dr, Plano, TX 75024, USA"
Snacks,Lay's Barbecue Potato Chips (Single),1.89,Frito-Lay (PepsiCo),+1 800-352-4477,"Frito-Lay HQ, 7701 Legacy Dr, Plano, TX 75024, USA"
Snacks,Lay's Sour Cream & Onion Chips (Single),2.13,Frito-Lay (PepsiCo),+1 800-352-4477,"Frito-Lay HQ, 7701 Legacy Dr, Plano, TX 75024, USA"
Snacks,Ruffles Cheddar & Sour Cream Chips (Single),1.70,Frito-Lay (PepsiCo),+1 800-352-4477,"Frito-Lay HQ, 7701 Legacy Dr, Plano, TX 75024, USA"
Snacks,Doritos Nacho Cheese Tortilla Chips (Single),1.64,Frito-Lay (PepsiCo),+1 800-352-4477,"Frito-Lay HQ, 7701 Legacy Dr, Plano, TX 75024, USA"
Snacks,Doritos Cool Ranch Tortilla Chips (Single),2.04,Frito-Lay (PepsiCo),+1 800-352-4477,"Frito-Lay HQ, 7701 Legacy Dr, Plano, TX 75024, USA"
Snacks,Cheetos Crunchy Cheese Snacks (Single),1.89,Frito-Lay (PepsiCo),+1 800-352-4477,"Frito-Lay HQ, 7701 Legacy Dr, Plano, TX 75024, USA"
Snacks,Cheetos Puffs Cheese Snacks (Single),1.86,Frito-Lay (PepsiCo),+1 800-352-4477,"Frito-Lay HQ, 7701 Legacy Dr, Plano, TX 75024, USA"
Snacks,Fritos Original Corn Chips (Single),1.58,Frito-Lay (PepsiCo),+1 800-352-4477,"Frito-Lay HQ, 7701 Legacy Dr, Plano, TX 75024, USA"
Snacks,SunChips Harvest Cheddar Snacks (Single),1.59,Frito-Lay (PepsiCo),+1 800-352-4477,"Frito-Lay HQ, 7701 Legacy Dr, Plano, TX 75024, USA"
Snacks,Pringles Original Potato Crisps (Can),2.27,Kellogg Company,+1 269-961-2000,"Kellogg HQ, One Kellogg Square, Battle Creek, MI 49017, USA"
Snacks,Pringles Sour Cream & Onion Crisps (Can),2.05,Kellogg Company,+1 269-961-2000,"Kellogg HQ, One Kellogg Square, Battle Creek, MI 49017, USA"
Snacks,Utz Regular Potato Chips (Single),1.45,"Utz Brands, Inc.",+1 717-637-6644,"Utz Brands HQ, Hanover, PA, USA"
Snacks,Cape Cod Kettle Cooked Chips - Sea Salt (Single),2.19,Snyder's-Lance (Campbell Soup Company),+1 704-554-1421,"Snyder's-Lance HQ, Charlotte, NC, USA"
Snacks,Kettle Brand Potato Chips - Jalapeno (Single),1.74,Snyder's-Lance (Campbell Soup Company),+1 704-554-1421,"Snyder's-Lance HQ, Charlotte, NC, USA"
Snacks,Takis Fuego Rolled Tortilla Chips (Single),1.78,Barcel USA (Grupo Bimbo),+1 800-354-3372,"Barcel USA HQ, Coppell, TX, USA"
Snacks,Funyuns Onion Flavored Rings (Single),1.49,Frito-Lay (PepsiCo),+1 800-352-4477,"Frito-Lay HQ, 7701 Legacy Dr, Plano, TX 75024, USA"
Snacks,Sensible Portions Garden Veggie Straws (Single),1.91,Hain Celestial Group,+1 516-587-5000,"Hain Celestial HQ, Lake Success, NY, USA"
Snacks,Snyder's of Hanover Mini Pretzels (Single),1.47,Snyder's-Lance (Campbell Soup Company),+1 704-554-1421,"Snyder's-Lance HQ, Charlotte, NC, USA"
Snacks,Rold Gold Tiny Twists Pretzels (Single),1.56,Frito-Lay (PepsiCo),+1 800-352-4477,"Frito-Lay HQ, 7701 Legacy Dr, Plano, TX 75024, USA"
Snacks,Dot's Homestyle Pretzels Original (Single),3.88,Hershey Company,+1 717-534-4200,"The Hershey Company HQ, 100 Crystal A Dr, Hershey, PA 17033, USA"
Snacks,Snyder's of Hanover Peanut Butter Pretzel Sandwiches,2.47,Snyder's-Lance (Campbell Soup Company),+1 704-554-1421,"Snyder's-Lance HQ, Charlotte, NC, USA"
Snacks,Smartfood White Cheddar Popcorn (Single),1.75,Frito-Lay (PepsiCo),+1 800-352-4477,"Frito-Lay HQ, 7701 Legacy Dr, Plano, TX 75024, USA"
Snacks,Chester's Butter Popcorn (Single),1.74,Frito-Lay (PepsiCo),+1 800-352-4477,"Frito-Lay HQ, 7701 Legacy Dr, Plano, TX 75024, USA"
Snacks,PopCorners White Cheddar (Single),2.13,BFY Brands (PepsiCo),+1 800-352-4477,"Frito-Lay HQ, 7701 Legacy Dr, Plano, TX 75024, USA"
Snacks,Cracker Jack Original Caramel Coated Popcorn & Peanuts,1.44,Frito-Lay (PepsiCo),+1 800-352-4477,"Frito-Lay HQ, 7701 Legacy Dr, Plano, TX 75024, USA"
Snacks,Orville Redenbacher's Microwave Popcorn - Butter (Box),4.65,Conagra Brands,+1 312-549-5000,"Conagra Brands HQ, Chicago, IL, USA"
Snacks,Hershey's Milk Chocolate Bar,1.64,The Hershey Company,N/A,N/A
Snacks,Reese's Peanut Butter Cups (2-pack),1.42,The Hershey Company,N/A,N/A
Snacks,Snickers Bar,1.26,"Mars, Incorporated",+1 703-821-4900,"Mars, Inc. HQ, McLean, VA, USA"
Snacks,M&M's Peanut Chocolate Candies (Single),1.64,"Mars, Incorporated",+1 703-821-4900,"Mars, Inc. HQ, McLean, VA, USA"
Snacks,M&M's Milk Chocolate Candies (Single),1.37,"Mars, Incorporated",+1 703-821-4900,"Mars, Inc. HQ, McLean, VA, USA"
Snacks,Kit Kat Wafer Bar,1.66,The Hershey Company,N/A,N/A
Snacks,Twix Caramel Cookie Bar,1.69,"Mars, Incorporated",+1 703-821-4900,"Mars, Inc. HQ, McLean, VA, USA"
Snacks,Milky Way Bar,1.29,"Mars, Incorporated",+1 703-821-4900,"Mars, Inc. HQ, McLean, VA, USA"
Snacks,3 Musketeers Bar,1.39,"Mars, Incorporated",+1 703-821-4900,"Mars, Inc. HQ, McLean, VA, USA"
Snacks,Almond Joy Bar,1.32,The Hershey Company,N/A,N/A
Snacks,Butterfinger Bar,1.28,Ferrero Group,+352 349 7111,"Ferrero HQ, Luxembourg"
Snacks,Skittles Original Fruit Candies (Single),1.34,"Mars, Incorporated",+1 703-821-4900,"Mars, Inc. HQ, McLean, VA, USA"
Snacks,Starburst Original Fruit Chews (Single),1.58,"Mars, Incorporated",+1 703-821-4900,"Mars, Inc. HQ, McLean, VA, USA"
Snacks,Sour Patch Kids (Theater Box),2.20,Mondelez International,+1 847-943-4000,"Mondelez HQ, Chicago, IL, USA"
Snacks,Swedish Fish (Theater Box),1.60,Mondelez International,+1 847-943-4000,"Mondelez HQ, Chicago, IL, USA"
Snacks,Haribo Goldbears Gummi Candy (Single),2.04,Haribo,+49 228 909 20,"Haribo HQ, Grafschaft, Germany"
Snacks,Life Savers 5 Flavors Hard Candy Roll,1.18,"Mars, Incorporated",+1 703-821-4900,"Mars, Inc. HQ, McLean, VA, USA"
Snacks,Tootsie Roll Midgees,1.43,Tootsie Roll Industries,+1 773-838-3400,"Tootsie Roll HQ, Chicago, IL, USA"
Snacks,Tootsie Pop,0.74,Tootsie Roll Industries,+1 773-838-3400,"Tootsie Roll HQ, Chicago, IL, USA"
Snacks,Ring Pop,0.76,Bazooka Candy Brands,+1 800-489-9149,"Bazooka Candy Brands HQ, New York, NY, USA"
Snacks,Airheads Candy - Mystery Flavor,0.82,Perfetti Van Melle,+31 20 540 6700,"Perfetti Van Melle HQ, Amsterdam, Netherlands"
Snacks,Wrigley's Doublemint Gum (Pack),1.25,"Mars, Incorporated",+1 703-821-4900,"Mars, Inc. HQ, McLean, VA, USA"
Snacks,Orbit Peppermint Sugarfree Gum (Pack),1.38,"Mars, Incorporated",+1 703-821-4900,"Mars, Inc. HQ, McLean, VA, USA"
Snacks,Trident Original Sugar Free Gum (Pack),1.32,Mondelez International,+1 847-943-4000,"Mondelez HQ, Chicago, IL, USA"
Snacks,Mentos Chewy Mints - Mint,1.49,Perfetti Van Melle,+31 20 540 6700,"Perfetti Van Melle HQ, Amsterdam, Netherlands"
Snacks,Altoids Peppermint Mints (Tin),2.84,"Mars, Incorporated",+1 703-821-4900,"Mars, Inc. HQ, McLean, VA, USA"
Snacks,Tic Tac Freshmints,1.90,Ferrero Group,+352 349 7111,"Ferrero HQ, Luxembourg"
Snacks,Oreo Chocolate Sandwich Cookies (Sleeve),2.08,Mondelez International (Nabisco),+1 847-943-4000,"Mondelez HQ, Chicago, IL, USA"
Snacks,Chips Ahoy! Chocolate Chip Cookies (Sleeve),1.96,Mondelez International (Nabisco),+1 847-943-4000,"Mondelez HQ, Chicago, IL, USA"
Snacks,Ritz Crackers (Sleeve),2.33,Mondelez International (Nabisco),+1 847-943-4000,"Mondelez HQ, Chicago, IL, USA"
Snacks,Cheez-It Baked Snack Crackers (Single),1.91,Kellogg Company,+1 269-961-2000,"Kellogg HQ, One Kellogg Square, Battle Creek, MI 49017, USA"
Snacks,Goldfish Cheddar Baked Snack Crackers (Single),1.58,Pepperidge Farm (Campbell Soup Company),+1 203-846-7000,"Pepperidge Farm HQ, Norwalk, CT, USA"
Snacks,Wheat Thins Original Crackers (Box),4.14,Mondelez International (Nabisco),+1 847-943-4000,"Mondelez HQ, Chicago, IL, USA"
Snacks,Triscuit Original Crackers (Box),3.16,Mondelez International (Nabisco),+1 847-943-4000,"Mondelez HQ, Chicago, IL, USA"
Snacks,Keebler Fudge Stripes Cookies (Pack),2.06,Ferrero Group (Keebler),+352 349 7111,"Ferrero HQ, Luxembourg"
Snacks,Famous Amos Chocolate Chip Cookies (Single),1.91,Ferrero Group,+352 349 7111,"Ferrero HQ, Luxembourg"
Snacks,Nutter Butter Peanut Butter Sandwich Cookies (Sleeve),1.75,Mondelez International (Nabisco),+1 847-943-4000,"Mondelez HQ, Chicago, IL, USA"
Snacks,Lance ToastChee Peanut Butter Crackers (6-pack),1.91,Snyder's-Lance (Campbell Soup Company),+1 704-554-1421,"Snyder's-Lance HQ, Charlotte, NC, USA"
Snacks,Lance Nekot Peanut Butter Cookies (6-pack),1.51,Snyder's-Lance (Campbell Soup Company),+1 704-554-1421,"Snyder's-Lance HQ, Charlotte, NC, USA"
Snacks,Little Debbie Oatmeal Creme Pies (Single),1.41,McKee Foods,+1 423-238-7111,"McKee Foods HQ, Collegedale, TN, USA"
Snacks,Little Debbie Nutty Buddy Wafer Bars (Single),1.12,McKee Foods,+1 423-238-7111,"McKee Foods HQ, Collegedale, TN, USA"
Snacks,Pepperidge Farm Milano Cookies (Pack),2.74,Pepperidge Farm (Campbell Soup Company),+1 203-846-7000,"Pepperidge Farm HQ, Norwalk, CT, USA"
Snacks,Planters Salted Peanuts (Single),1.34,Kraft Heinz,+1 412-456-5700,"Kraft Heinz Co-HQ, Pittsburgh, PA, USA"
Snacks,Planters Honey Roasted Peanuts (Single),2.05,Kraft Heinz,+1 412-456-5700,"Kraft Heinz Co-HQ, Pittsburgh, PA, USA"
Snacks,Planters Salted Cashews (Single),3.36,Kraft Heinz,+1 412-456-5700,"Kraft Heinz Co-HQ, Pittsburgh, PA, USA"
Snacks,Blue Diamond Roasted Salted Almonds (Can),5.03,Blue Diamond Growers,+1 916-442-0771,"Blue Diamond Growers HQ, Sacramento, CA, USA"
Snacks,Wonderful Pistachios Roasted & Salted (Single),3.59,The Wonderful Company,+1 310-966-5800,"The Wonderful Company HQ, Los Angeles, CA, USA"
Snacks,David Sunflower Seeds Original (Single),2.14,Conagra Brands,+1 312-549-5000,"Conagra Brands HQ, Chicago, IL, USA"
Snacks,Planters Trail Mix - Nuts & Chocolate (Single),3.33,Kraft Heinz,+1 412-456-5700,"Kraft Heinz Co-HQ, Pittsburgh, PA, USA"
Snacks,Jack Link's Beef Jerky - Original (Single),4.78,Jack Link's Beef Jerky,+1 715-466-2234,"Jack Link's HQ, Minong, WI, USA"
Snacks,Jack Link's Beef Jerky - Teriyaki (Single),4.75,Jack Link's Beef Jerky,+1 715-466-2234,"Jack Link's HQ, Minong, WI, USA"
Snacks,Slim Jim Giant Smoked Snack Stick - Original,2.22,Conagra Brands,+1 312-549-5000,"Conagra Brands HQ, Chicago, IL, USA"
Snacks,Oberto Original Beef Jerky (Single),4.75,Oberto Snacks Inc.,+1 253-854-7050,"Oberto Snacks HQ, Kent, WA, USA"
Snacks,Old Trapper Old Fashioned Beef Jerky (Single),5.65,Old Trapper Smoked Products,+1 503-873-7171,"Old Trapper HQ, Forest Grove, OR, USA"
Snacks,Duke's Smoked Shorty Sausages - Original,3.49,Conagra Brands,+1 312-549-5000,"Conagra Brands HQ, Chicago, IL, USA"
Snacks,Epic Provisions Beef Barbacoa Bar,3.44,General Mills,+1 800-248-7310,"General Mills HQ, Minneapolis, MN, USA"
Packaged Foods,Nissin Cup Noodles - Chicken Flavor,1.46,Nissin Foods,+1 310-327-8877,"Nissin Foods USA HQ, Gardena, CA, USA"
Packaged Foods,Nissin Cup Noodles - Beef Flavor,1.23,Nissin Foods,+1 310-327-8877,"Nissin Foods USA HQ, Gardena, CA, USA"
Packaged Foods,Maruchan Instant Lunch Ramen Noodles - Chicken,1.22,"Maruchan, Inc.",+1 949-789-2300,"Maruchan USA HQ, Irvine, CA, USA"
Packaged Foods,Maruchan Yakisoba - Teriyaki Beef,1.29,"Maruchan, Inc.",+1 949-789-2300,"Maruchan USA HQ, Irvine, CA, USA"
Packaged Foods,Nissin Top Ramen Noodle Soup Pack - Chicken,0.78,Nissin Foods,+1 310-327-8877,"Nissin Foods USA HQ, Gardena, CA, USA"
Packaged Foods,Kraft Macaroni & Cheese Dinner Cup,1.91,Kraft Heinz,+1 412-456-5700,"Kraft Heinz Co-HQ, Pittsburgh, PA, USA"
Packaged Foods,Velveeta Shells & Cheese Cup,2.02,Kraft Heinz,+1 412-456-5700,"Kraft Heinz Co-HQ, Pittsburgh, PA, USA"
Packaged Foods,Quaker Instant Oatmeal Cup - Maple & Brown Sugar,2.25,PepsiCo (Quaker Oats),+1 312-821-1000,"Quaker Oats HQ, Chicago, IL, USA"
Packaged Foods,Chef Boyardee Beefaroni Cup,2.23,Conagra Brands,+1 312-549-5000,"Conagra Brands HQ, Chicago, IL, USA"
Packaged Foods,Hormel Compleats - Roast Beef & Gravy,3.90,Hormel Foods,+1 507-437-5611,"Hormel Foods HQ, Austin, MN, USA"
Packaged Foods,Campbell's Condensed Soup - Chicken Noodle,2.35,Campbell Soup Company,+1 800-257-8443,"Campbell Soup HQ, 1 Campbell Pl, Camden, NJ 08103, USA"
Packaged Foods,Campbell's Condensed Soup - Tomato,1.62,Campbell Soup Company,+1 800-257-8443,"Campbell Soup HQ, 1 Campbell Pl, Camden, NJ 08103, USA"
Packaged Foods,Progresso Soup - Chicken Noodle,3.47,General Mills,+1 800-248-7310,"General Mills HQ, Minneapolis, MN, USA"
Packaged Foods,Hormel Chili with Beans,2.94,Hormel Foods,+1 507-437-5611,"Hormel Foods HQ, Austin, MN, USA"
Packaged Foods,Starkist Chunk Light Tuna in Water Pouch,1.65,Starkist Co.,+1 412-323-7100,"Starkist HQ, Pittsburgh, PA, USA"
Packaged Foods,Bumble Bee Solid White Albacore Tuna Can,2.39,Bumble Bee Foods,+1 858-715-4000,"Bumble Bee Foods HQ, San Diego, CA, USA"
Packaged Foods,Libby's Vienna Sausages Can,1.19,Conagra Brands,+1 312-549-5000,"Conagra Brands HQ, Chicago, IL, USA"
Packaged Foods,Spam Classic Single,2.85,Hormel Foods,+1 507-437-5611,"Hormel Foods HQ, Austin, MN, USA"
Packaged Foods,Del Monte Canned Corn,1.28,Del Monte Foods,+1 925-295-8700,"Del Monte Foods HQ, Walnut Creek, CA, USA"
Packaged Foods,Green Giant Canned Green Beans,1.38,B&G Foods,+1 973-401-6500,"B&G Foods HQ, Parsippany, NJ, USA"
Packaged Foods,Bush's Best Baked Beans Original Can,2.32,Bush Brothers & Company,+1 800-590-3797,"Bush's Beans HQ, Knoxville, TN, USA"
Packaged Foods,Del Monte Sliced Peaches Can,2.72,Del Monte Foods,+1 925-295-8700,"Del Monte Foods HQ, Walnut Creek, CA, USA"
Packaged Foods,Chef Boyardee Ravioli Can,2.69,Conagra Brands,+1 312-549-5000,"Conagra Brands HQ, Chicago, IL, USA"
Packaged Foods,Cheerios Cereal (Single Serve Box),1.97,General Mills,+1 800-248-7310,"General Mills HQ, Minneapolis, MN, USA"
Packaged Foods,Frosted Flakes Cereal (Single Serve Box),1.58,Kellogg Company,+1 269-961-2000,"Kellogg HQ, One Kellogg Square, Battle Creek, MI 49017, USA"
Packaged Foods,Honey Bunches of Oats Cereal (Single Serve Box),1.51,Post Consumer Brands,+1 952-258-1000,"Post Consumer Brands HQ, Lakeville, MN, USA"
Packaged Foods,Barilla Spaghetti Noodles Box,2.70,Barilla Group,+39 0521 2621,"Barilla HQ, Parma, Italy"
Packaged Foods,Prego Pasta Sauce Jar - Traditional,3.82,Campbell Soup Company,+1 800-257-8443,"Campbell Soup HQ, 1 Campbell Pl, Camden, NJ 08103, USA"
Packaged Foods,Ragu Pasta Sauce Jar - Old World Style,3.47,Mizkan America,+1 847-590-0059,"Mizkan America HQ, Mount Prospect, IL, USA"
Packaged Foods,Jif Creamy Peanut Butter Jar (Small),4.47,The J.M. Smucker Company,+1 330-682-3000,"J.M. Smucker HQ, Orrville, OH, USA"
Packaged Foods,Skippy Creamy Peanut Butter Jar (Small),4.79,Hormel Foods,+1 507-437-5611,"Hormel Foods HQ, Austin, MN, USA"
Packaged Foods,Smucker's Strawberry Preserves Jar (Small),3.63,The J.M. Smucker Company,+1 330-682-3000,"J.M. Smucker HQ, Orrville, OH, USA"
Packaged Foods,Nutella Hazelnut Spread (Small Jar),4.97,Ferrero Group,+352 349 7111,"Ferrero HQ, Luxembourg"
Packaged Foods,Pearl Milling Company Original Syrup (Small),3.62,PepsiCo (Quaker Oats),+1 312-821-1000,"Quaker Oats HQ, Chicago, IL, USA"
Packaged Foods,Bisquick Pancake & Baking Mix (Small Box),3.58,General Mills,+1 800-248-7310,"General Mills HQ, Minneapolis, MN, USA"
Packaged Foods,Ben's Original Ready Rice - Original Pouch,2.61,"Mars, Incorporated",+1 703-821-4900,"Mars, Inc. HQ, McLean, VA, USA"
Packaged Foods,Goya Black Beans (Can),1.39,Goya Foods,N/A,N/A
Packaged Foods,Gold Medal All-Purpose Flour (Small Bag),3.49,General Mills,+1 800-248-7310,"General Mills HQ, Minneapolis, MN, USA"
Packaged Foods,Domino Granulated Sugar (Small Bag),3.10,American Sugar Refining,+1 914-963-2400,"ASR Group HQ, Yonkers, NY, USA"
Packaged Foods,Morton Iodized Salt,1.39,Morton Salt,+1 312-807-2000,"Morton Salt HQ, Chicago, IL, USA"
Packaged Foods,McCormick Black Pepper Grinder,4.47,McCormick & Company,+1 410-771-7301,"McCormick HQ, Hunt Valley, MD, USA"
Packaged Foods,Crisco Vegetable Oil (Small Bottle),4.24,B&G Foods,+1 973-401-6500,"B&G Foods HQ, Parsippany, NJ, USA"
Packaged Foods,Heinz Ketchup Bottle (Small),2.97,Kraft Heinz,+1 412-456-5700,"Kraft Heinz Co-HQ, Pittsburgh, PA, USA"
Packaged Foods,French's Classic Yellow Mustard (Small),3.07,McCormick & Company,+1 410-771-7301,"McCormick HQ, Hunt Valley, MD, USA"
Packaged Foods,Hellmann's Real Mayonnaise Jar (Small),4.31,Unilever,+44 20 7822 5252,"Unilever HQ, London, UK"
Packaged Foods,Tabasco Original Red Pepper Sauce,3.51,McIlhenny Company,+1 337-373-6105,"McIlhenny Company HQ, Avery Island, LA, USA"
Packaged Foods,Nature Valley Granola Bar - Oats 'n Honey (2-pack),1.20,General Mills,+1 800-248-7310,"General Mills HQ, Minneapolis, MN, USA"
Packaged Foods,Nature Valley Granola Bar - Peanut Butter (2-pack),1.22,General Mills,+1 800-248-7310,"General Mills HQ, Minneapolis, MN, USA"
Packaged Foods,Clif Bar Energy Bar - Chocolate Chip,2.12,Clif Bar & Company,+1 510-596-6657,"Clif Bar HQ, Emeryville, CA, USA"
Packaged Foods,Kind Bar - Dark Chocolate Nuts & Sea Salt,2.01,Kind LLC (Mars),+1 855-884-5463,"Kind Snacks HQ, New York, NY, USA"
Packaged Foods,Kellogg's Nutri-Grain Bar - Strawberry,1.76,Kellogg Company,+1 269-961-2000,"Kellogg HQ, One Kellogg Square, Battle Creek, MI 49017, USA"
Packaged Foods,Quaker Chewy Granola Bar - Chocolate Chip,1.22,PepsiCo (Quaker Oats),+1 312-821-1000,"Quaker Oats HQ, Chicago, IL, USA"
Packaged Foods,Larabar Fruit & Nut Bar - Cashew Cookie,2.17,General Mills,+1 800-248-7310,"General Mills HQ, Minneapolis, MN, USA"
Packaged Foods,RXBAR Protein Bar - Chocolate Sea Salt,2.59,Kellogg Company,+1 269-961-2000,"Kellogg HQ, One Kellogg Square, Battle Creek, MI 49017, USA"
Packaged Foods,Dole Fruit Bowls - Diced Peaches Cup,1.72,Dole Food Company,+1 818-879-6600,"Dole HQ, Westlake Village, CA, USA"
Packaged Foods,Del Monte Fruit Naturals - Mandarin Oranges Cup,1.53,Del Monte Foods,+1 925-295-8700,"Del Monte Foods HQ, Walnut Creek, CA, USA"
Packaged Foods,Mott's Applesauce Cup,1.22,Keurig Dr Pepper,+1 888-249-4588,"Keurig Dr Pepper HQ, 53 South Ave, Burlington, MA 01803, USA"
Packaged Foods,Nabisco Premium Saltine Crackers (Box),2.99,Mondelez International (Nabisco),+1 847-943-4000,"Mondelez HQ, Chicago, IL, USA"
Packaged Foods,Keebler Club Crackers (Box),4.65,Ferrero Group (Keebler),+352 349 7111,"Ferrero HQ, Luxembourg"
Packaged Foods,Nestle Toll House Chocolate Chip Cookies (Pack),3.99,Nestlé,+41 21 924 2111,"Nestlé HQ, Avenue Nestlé 55, 1800 Vevey, Switzerland"
Packaged Foods,Folgers Classic Roast Instant Coffee Jar,6.80,The J.M. Smucker Company,+1 330-682-3000,"J.M. Smucker HQ, Orrville, OH, USA"
Packaged Foods,Lipton Black Tea Bags (Box),3.91,Unilever,+44 20 7822 5252,"Unilever HQ, London, UK"
Packaged Foods,Swiss Miss Hot Cocoa Mix Packets - Milk Chocolate,3.77,Conagra Brands,+1 312-549-5000,"Conagra Brands HQ, Chicago, IL, USA"
Dairy & Refrigerated,Dean's DairyPure Milk - Whole (Pint),1.70,Dean Foods (Dairy Farmers of America),+1 816-801-6455,"DFA HQ, Kansas City, KS, USA"
Dairy & Refrigerated,Lactaid Milk - Whole (Half Gallon),5.30,HP Hood LLC,+1 617-887-3000,"HP Hood HQ, Lynnfield, MA, USA"
Dairy & Refrigerated,Silk Almond Milk - Unsweetened Vanilla (Half Gallon),4.68,Danone North America,+1 914-872-8400,"Danone NA HQ, White Plains, NY, USA"
Dairy & Refrigerated,Horizon Organic Milk - Whole (Half Gallon),5.16,Danone North America,+1 914-872-8400,"Danone NA HQ, White Plains, NY, USA"
Dairy & Refrigerated,Fairlife Ultra-Filtered Milk - Whole (52oz),5.56,The Coca-Cola Company,+1 800-557-4616,"Atlanta, GA 30313"
Dairy & Refrigerated,Nesquik Chocolate Milk (Pint),2.19,Nestlé,+41 21 924 2111,"Nestlé HQ, Avenue Nestlé 55, 1800 Vevey, Switzerland"
Dairy & Refrigerated,Coffee-mate French Vanilla Creamer (16oz),3.63,Nestlé,+41 21 924 2111,"Nestlé HQ, Avenue Nestlé 55, 1800 Vevey, Switzerland"
Dairy & Refrigerated,International Delight Hazelnut Creamer (16oz),3.62,Danone North America,+1 914-872-8400,"Danone NA HQ, White Plains, NY, USA"
Dairy & Refrigerated,Land O'Lakes Half & Half Creamer (Pint),3.13,Land O'Lakes,+1 651-481-2222,"Land O'Lakes HQ, Arden Hills, MN, USA"
Dairy & Refrigerated,Reddi-wip Original Whipped Topping Can,3.72,Conagra Brands,+1 312-549-5000,"Conagra Brands HQ, Chicago, IL, USA"
Dairy & Refrigerated,Dannon Light + Fit Greek Yogurt - Strawberry Cheesecake,1.65,Danone North America,+1 914-872-8400,"Danone NA HQ, White Plains, NY, USA"
Dairy & Refrigerated,Yoplait Original Yogurt - Strawberry,1.15,General Mills,+1 800-248-7310,"General Mills HQ, Minneapolis, MN, USA"
Dairy & Refrigerated,Chobani Flip Greek Yogurt - Almond Coco Loco,1.86,Chobani,N/A,N/A
Dairy & Refrigerated,Stonyfield Organic YoBaby Yogurt - Blueberry Apple,1.97,Lactalis,+33 2 43 59 42 42,"Lactalis HQ, Laval, France"
Dairy & Refrigerated,Go-GURT Yogurt Tubes (Box),4.24,General Mills,+1 800-248-7310,"General Mills HQ, Minneapolis, MN, USA"
Dairy & Refrigerated,Kraft Singles American Cheese Slices (Pack),4.65,Kraft Heinz,+1 412-456-5700,"Kraft Heinz Co-HQ, Pittsburgh, PA, USA"
Dairy & Refrigerated,Sargento Sliced Provolone Cheese (Pack),5.20,Sargento Foods Inc.,+1 920-893-8484,"Sargento HQ, Plymouth, WI, USA"
Dairy & Refrigerated,Kraft Shredded Cheddar Cheese Bag,4.89,Kraft Heinz,+1 412-456-5700,"Kraft Heinz Co-HQ, Pittsburgh, PA, USA"
Dairy & Refrigerated,Frigo Cheese Heads String Cheese (Single),0.76,Saputo Inc.,+1 514-328-6662,"Saputo HQ, Montreal, QC, Canada"
Dairy & Refrigerated,Philadelphia Cream Cheese Tub - Plain,3.26,Kraft Heinz,+1 412-456-5700,"Kraft Heinz Co-HQ, Pittsburgh, PA, USA"
Dairy & Refrigerated,Daisy Sour Cream Squeeze,3.16,Daisy Brand,+1 214-720-5700,"Daisy Brand HQ, Dallas, TX, USA"
Dairy & Refrigerated,Breakstone's Cottage Cheese Cup - Small,1.76,Kraft Heinz,+1 412-456-5700,"Kraft Heinz Co-HQ, Pittsburgh, PA, USA"
Dairy & Refrigerated,Kraft Grated Parmesan Cheese Shaker,5.35,Kraft Heinz,+1 412-456-5700,"Kraft Heinz Co-HQ, Pittsburgh, PA, USA"
Dairy & Refrigerated,Eggland's Best Large Eggs (Dozen),5.05,Eggland's Best,+1 800-922-3447,"Eggland's Best HQ, Malvern, PA, USA"
Dairy & Refrigerated,Pete and Gerry's Organic Eggs (Dozen),6.79,Pete and Gerry's Organics,+1 603-632-7100,"Pete and Gerry's HQ, Monroe, NH, USA"
Dairy & Refrigerated,Land O'Lakes Salted Butter Sticks (1lb),5.93,Land O'Lakes,+1 651-481-2222,"Land O'Lakes HQ, Arden Hills, MN, USA"
Dairy & Refrigerated,Kerrygold Pure Irish Butter - Salted,5.48,Ornua (Kerrygold),+353 1 661 9599,"Ornua HQ, Dublin, Ireland"
Dairy & Refrigerated,I Can't Believe It's Not Butter! Tub,4.54,Upfield,+31 10 439 4911,"Upfield HQ, Amsterdam, Netherlands"
Dairy & Refrigerated,Oscar Mayer Deli Fresh Oven Roasted Turkey Breast,5.67,Kraft Heinz,+1 412-456-5700,"Kraft Heinz Co-HQ, Pittsburgh, PA, USA"
Dairy & Refrigerated,Hillshire Farm Ultra Thin Honey Ham,5.66,Tyson Foods,+1 479-290-4000,"Tyson Foods HQ, Springdale, AR, USA"
Dairy & Refrigerated,Hormel Pepperoni Pack,4.10,Hormel Foods,+1 507-437-5611,"Hormel Foods HQ, Austin, MN, USA"
Dairy & Refrigerated,Boar's Head Ovengold Turkey Breast (by weight/slice),13.83,Boar's Head Provision Co.,+1 941-955-0994,"Boar's Head HQ, Sarasota, FL, USA"
Dairy & Refrigerated,Ready Pac Bistro Chef Salad,4.72,Bonduelle Fresh Americas (Ready Pac),+1 626-856-8686,"Ready Pac HQ, Irwindale, CA, USA"
Dairy & Refrigerated,Taylor Farms Caesar Salad Kit,5.61,Taylor Farms,+1 831-758-7811,"Taylor Farms HQ, Salinas, CA, USA"
Dairy & Refrigerated,Reser's Main St Bistro Baked Mac & Cheese,4.45,Reser's Fine Foods,+1 503-643-6431,"Reser's HQ, Beaverton, OR, USA"
Dairy & Refrigerated,Sabra Classic Hummus with Pretzels,3.22,Sabra Dipping Company (PepsiCo/Strauss Group),+1 804-524-6300,"Sabra HQ, Colonial Heights, VA, USA"
Dairy & Refrigerated,Oscar Mayer Lunchables - Turkey & Cheddar,2.79,Kraft Heinz,+1 412-456-5700,"Kraft Heinz Co-HQ, Pittsburgh, PA, USA"
Dairy & Refrigerated,Bob Evans Mashed Potatoes,3.80,Bob Evans Farms,+1 800-939-2338,"Bob Evans Restaurants HQ, New Albany, OH, USA"
Dairy & Refrigerated,Pillsbury Crescent Rolls,3.12,General Mills,+1 800-248-7310,"General Mills HQ, Minneapolis, MN, USA"
Dairy & Refrigerated,Pillsbury Ready To Bake Chocolate Chip Cookies,4.11,General Mills,+1 800-248-7310,"General Mills HQ, Minneapolis, MN, USA"
Dairy & Refrigerated,Tropicana Pure Premium Orange Juice (Half Gallon),4.91,PepsiCo,+1 914-253-2000,"PepsiCo HQ, 700 Anderson Hill Rd, Purchase, NY 10577, USA"
Dairy & Refrigerated,Simply Orange Juice Pulp Free (52oz),5.70,The Coca-Cola Company,+1 800-557-4616,"Atlanta, GA 30313"
Dairy & Refrigerated,Minute Maid Lemonade (Half Gallon),4.79,The Coca-Cola Company,+1 800-557-4616,"Atlanta, GA 30313"
Dairy & Refrigerated,Gold Peak Sweet Tea (Half Gallon),4.16,The Coca-Cola Company,+1 800-557-4616,"Atlanta, GA 30313"
Frozen Foods,Ben & Jerry's Ice Cream Pint - Cherry Garcia,5.28,Unilever,+44 20 7822 5252,"Unilever HQ, London, UK"
Frozen Foods,Ben & Jerry's Ice Cream Pint - Half Baked,6.16,Unilever,+44 20 7822 5252,"Unilever HQ, London, UK"
Frozen Foods,Häagen-Dazs Ice Cream Pint - Vanilla,5.83,Nestlé (Froneri partnership),+44 1677 423397,"Froneri HQ, Leeming Bar, UK"
Frozen Foods,Häagen-Dazs Ice Cream Pint - Strawberry,5.84,Nestlé (Froneri partnership),+44 1677 423397,"Froneri HQ, Leeming Bar, UK"
Frozen Foods,Breyers Natural Vanilla Ice Cream (Half Gallon),7.35,Unilever,+44 20 7822 5252,"Unilever HQ, London, UK"
Frozen Foods,Blue Bunny Load'd Sundaes - Cookie Dough,3.50,Wells Enterprises,+1 712-546-4000,"Wells Enterprises HQ, Le Mars, IA, USA"
Frozen Foods,Halo Top Light Ice Cream Pint - Sea Salt Caramel,6.11,Wells Enterprises,+1 712-546-4000,"Wells Enterprises HQ, Le Mars, IA, USA"
Frozen Foods,Magnum Classic Ice Cream Bar,2.07,Unilever,+44 20 7822 5252,"Unilever HQ, London, UK"
Frozen Foods,Klondike Original Ice Cream Bar,1.95,Unilever,+44 20 7822 5252,"Unilever HQ, London, UK"
Frozen Foods,Good Humor Strawberry Shortcake Bar,1.99,Unilever,+44 20 7822 5252,"Unilever HQ, London, UK"
Frozen Foods,Nestle Drumstick Vanilla Cone,2.08,Nestlé (Froneri partnership),+44 1677 423397,"Froneri HQ, Leeming Bar, UK"
Frozen Foods,Outshine Fruit Bars - Strawberry (Box),5.21,Nestlé (Froneri partnership),+44 1677 423397,"Froneri HQ, Leeming Bar, UK"
Frozen Foods,Popsicle Ice Pops - Firecracker (Box),4.34,Unilever,+44 20 7822 5252,"Unilever HQ, London, UK"
Frozen Foods,Talenti Gelato Pint - Sea Salt Caramel,6.57,Unilever,+44 20 7822 5252,"Unilever HQ, London, UK"
Frozen Foods,Stouffer's Macaroni & Cheese,4.35,Nestlé,+41 21 924 2111,"Nestlé HQ, Avenue Nestlé 55, 1800 Vevey, Switzerland"
Frozen Foods,Lean Cuisine Favorites - Fettuccini Alfredo,3.77,Nestlé,+41 21 924 2111,"Nestlé HQ, Avenue Nestlé 55, 1800 Vevey, Switzerland"
Frozen Foods,Marie Callender's Chicken Pot Pie,3.79,Conagra Brands,+1 312-549-5000,"Conagra Brands HQ, Chicago, IL, USA"
Frozen Foods,Healthy Choice Cafe Steamers - Grilled Chicken Marinara,4.71,Conagra Brands,+1 312-549-5000,"Conagra Brands HQ, Chicago, IL, USA"
Frozen Foods,Banquet Mega Bowls - Salisbury Steak,4.20,Conagra Brands,+1 312-549-5000,"Conagra Brands HQ, Chicago, IL, USA"
Frozen Foods,Amy's Kitchen Bowls - Pad Thai,5.29,Amy's Kitchen,+1 707-781-7535,"Amy's Kitchen HQ, Petaluma, CA, USA"
Frozen Foods,DiGiorno Rising Crust Pizza - Pepperoni,8.17,Nestlé,+41 21 924 2111,"Nestlé HQ, Avenue Nestlé 55, 1800 Vevey, Switzerland"
Frozen Foods,DiGiorno Rising Crust Pizza - Supreme,8.34,Nestlé,+41 21 924 2111,"Nestlé HQ, Avenue Nestlé 55, 1800 Vevey, Switzerland"
Frozen Foods,Red Baron Classic Crust Pizza - Pepperoni,6.11,Schwan's Company,+1 507-537-8200,"Schwan's HQ, Marshall, MN, USA"
Frozen Foods,Tombstone Original Pizza - Pepperoni,5.61,Nestlé,+41 21 924 2111,"Nestlé HQ, Avenue Nestlé 55, 1800 Vevey, Switzerland"
Frozen Foods,Hot Pockets - Pepperoni Pizza (2-pack),3.22,Nestlé,+41 21 924 2111,"Nestlé HQ, Avenue Nestlé 55, 1800 Vevey, Switzerland"
Frozen Foods,Totino's Pizza Rolls - Pepperoni (Bag),5.62,General Mills,+1 800-248-7310,"General Mills HQ, Minneapolis, MN, USA"
Frozen Foods,El Monterey Beef & Bean Burrito (Single),1.82,Ruiz Foods,+1 559-896-5000,"Ruiz Foods HQ, Dinuba, CA, USA"
Frozen Foods,Jose Ole Beef Taquitos (Box),6.09,Ajinomoto Foods North America,+1 909-477-4700,"Ajinomoto Foods NA HQ, Ontario, CA, USA"
Frozen Foods,Eggo Homestyle Waffles (Box),4.84,Kellogg Company,+1 269-961-2000,"Kellogg HQ, One Kellogg Square, Battle Creek, MI 49017, USA"
Frozen Foods,"Jimmy Dean Sausage, Egg & Cheese Croissant Sandwich (Box)",8.23,Tyson Foods,+1 479-290-4000,"Tyson Foods HQ, Springdale, AR, USA"
Frozen Foods,Pearl Milling Company Pancakes (Box),4.75,PepsiCo (Quaker Oats),+1 312-821-1000,"Quaker Oats HQ, Chicago, IL, USA"
Frozen Foods,State Fair Classic Corn Dogs (Box),4.60,Tyson Foods,+1 479-290-4000,"Tyson Foods HQ, Springdale, AR, USA"
Frozen Foods,Tyson Any'tizers Popcorn Chicken (Bag),7.43,Tyson Foods,+1 479-290-4000,"Tyson Foods HQ, Springdale, AR, USA"
Frozen Foods,Ore-Ida Golden Crinkles French Fries (Bag),4.80,Kraft Heinz,+1 412-456-5700,"Kraft Heinz Co-HQ, Pittsburgh, PA, USA"
Frozen Foods,Ore-Ida Tater Tots (Bag),4.40,Kraft Heinz,+1 412-456-5700,"Kraft Heinz Co-HQ, Pittsburgh, PA, USA"
Frozen Foods,Alexia Sweet Potato Fries (Bag),4.93,Conagra Brands,+1 312-549-5000,"Conagra Brands HQ, Chicago, IL, USA"
Frozen Foods,Farm Rich Mozzarella Sticks (Box),6.10,Rich Products Corporation,+1 716-878-8000,"Rich Products HQ, Buffalo, NY, USA"
Frozen Foods,White Castle Cheeseburger Sliders (Box),7.07,"White Castle Food Products, LLC",+1 614-228-5781,"White Castle HQ, Columbus, OH, USA"
Frozen Foods,Bag of Ice - 5lb,2.44,Reddy Ice / Local Ice Supplier,N/A,Local Ice Supplier Address
Frozen Foods,Birds Eye Steamfresh Mixed Vegetables,2.44,Conagra Brands,+1 312-549-5000,"Conagra Brands HQ, Chicago, IL, USA"
Frozen Foods,Green Giant Riced Cauliflower,3.16,B&G Foods,+1 973-401-6500,"B&G Foods HQ, Parsippany, NJ, USA"
Frozen Foods,Tropicana Frozen Orange Juice Concentrate,3.30,PepsiCo,+1 914-253-2000,"PepsiCo HQ, 700 Anderson Hill Rd, Purchase, NY 10577, USA"
Frozen Foods,Cool Whip Original Whipped Topping Tub,3.97,Kraft Heinz,+1 412-456-5700,"Kraft Heinz Co-HQ, Pittsburgh, PA, USA"
Bakery,Wonder Bread Classic White Loaf,3.07,Flowers Foods,+1 229-226-9110,"Flowers Foods HQ, Thomasville, GA, USA"
Bakery,Nature's Own Honey Wheat Bread Loaf,4.14,Flowers Foods,+1 229-226-9110,"Flowers Foods HQ, Thomasville, GA, USA"
Bakery,Sara Lee Artesano Bakery Bread Loaf,4.25,Bimbo Bakeries USA,+1 215-674-5000,"Bimbo Bakeries USA HQ, Horsham, PA, USA"
Bakery,Pepperidge Farm Farmhouse Hearty White Bread,4.33,Pepperidge Farm (Campbell Soup Company),+1 203-846-7000,"Pepperidge Farm HQ, Norwalk, CT, USA"
Bakery,Dave's Killer Bread - 21 Whole Grains and Seeds Loaf,6.98,Flowers Foods,+1 229-226-9110,"Flowers Foods HQ, Thomasville, GA, USA"
Bakery,Thomas' Plain English Muffins (Pack),4.44,Bimbo Bakeries USA,+1 215-674-5000,"Bimbo Bakeries USA HQ, Horsham, PA, USA"
Bakery,Ball Park Hot Dog Buns (8-pack),2.97,Bimbo Bakeries USA,+1 215-674-5000,"Bimbo Bakeries USA HQ, Horsham, PA, USA"
Bakery,Wonder Hamburger Buns (8-pack),3.09,Flowers Foods,+1 229-226-9110,"Flowers Foods HQ, Thomasville, GA, USA"
Bakery,King's Hawaiian Original Sweet Rolls (12-pack),5.35,King's Hawaiian,+1 310-532-3231,"King's Hawaiian HQ, Torrance, CA, USA"
Bakery,Mission Flour Tortillas - Soft Taco (Pack),3.60,Gruma S.A.B. de C.V.,+52 81 8399 3300,"Gruma HQ, San Pedro Garza García, Mexico"
Bakery,Hostess Twinkies (2-pack),1.86,Hostess Brands,+1 800-483-7253,"Hostess Brands (Smucker's), Orrville, OH, USA"
Bakery,Hostess CupCakes - Chocolate (2-pack),2.41,Hostess Brands,+1 800-483-7253,"Hostess Brands (Smucker's), Orrville, OH, USA"
Bakery,Hostess Donettes - Powdered Sugar Mini Donuts,2.06,Hostess Brands,+1 800-483-7253,"Hostess Brands (Smucker's), Orrville, OH, USA"
Bakery,Little Debbie Swiss Rolls (Box),2.68,McKee Foods,+1 423-238-7111,"McKee Foods HQ, Collegedale, TN, USA"
Bakery,Little Debbie Zebra Cakes (Box),2.77,McKee Foods,+1 423-238-7111,"McKee Foods HQ, Collegedale, TN, USA"
Bakery,Entenmann's Rich Frosted Donuts (Box),5.76,Bimbo Bakeries USA,+1 215-674-5000,"Bimbo Bakeries USA HQ, Horsham, PA, USA"
Bakery,Entenmann's Little Bites Muffins - Blueberry (Box),4.59,Bimbo Bakeries USA,+1 215-674-5000,"Bimbo Bakeries USA HQ, Horsham, PA, USA"
Bakery,Krispy Kreme Original Glazed Doughnut (Single),1.46,Krispy Kreme Doughnut Corp.,+1 336-725-2981,"Krispy Kreme HQ, Charlotte, NC, USA"
Bakery,Dunkin' Glazed Donut (Single),1.85,Dunkin' Brands,+1 800-859-5339,"Inspire Brands HQ (Parent), Atlanta, GA, USA"
Bakery,Store Bakery Muffin - Blueberry,2.37,Store Brand / Local Bakery Supplier,N/A,Local Bakery Address
Bakery,Store Bakery Croissant - Plain,2.43,Store Brand / Local Bakery Supplier,N/A,Local Bakery Address
Bakery,Store Bakery Cinnamon Roll,2.87,Store Brand / Local Bakery Supplier,N/A,Local Bakery Address
Bakery,Thomas' Plain Bagel (Single),1.23,Bimbo Bakeries USA,+1 215-674-5000,"Bimbo Bakeries USA HQ, Horsham, PA, USA"
Bakery,Pepperidge Farm Apple Turnover,2.13,Pepperidge Farm (Campbell Soup Company),+1 203-846-7000,"Pepperidge Farm HQ, Norwalk, CT, USA"
Bakery,Hostess Ding Dongs (2-pack),2.58,Hostess Brands,+1 800-483-7253,"Hostess Brands (Smucker's), Orrville, OH, USA"
Bakery,Little Debbie Cosmic Brownies (Box),3.48,McKee Foods,+1 423-238-7111,"McKee Foods HQ, Collegedale, TN, USA"
Bakery,Pepperidge Farm Chessmen Butter Cookies (Pack),4.00,Pepperidge Farm (Campbell Soup Company),+1 203-846-7000,"Pepperidge Farm HQ, Norwalk, CT, USA"
Bakery,Store Bakery Chocolate Chip Cookie (Large),1.95,Store Brand / Local Bakery Supplier,N/A,Local Bakery Address
Bakery,Store Bakery Cupcake - Vanilla,2.38,Store Brand / Local Bakery Supplier,N/A,Local Bakery Address
Bakery,Store Bakery Mini Apple Pie,2.64,Store Brand / Local Bakery Supplier,N/A,Local Bakery Address
Health & Beauty,Tylenol Extra Strength Caplets (Travel Size),3.25,Johnson & Johnson,+1 732-524-0400,"J&J HQ, New Brunswick, NJ, USA"
Health & Beauty,Advil Ibuprofen Tablets (Travel Size),2.92,Haleon,+44 1932 822000,"Haleon HQ, Weybridge, UK"
Health & Beauty,Aleve Pain Reliever Caplets (Travel Size),3.40,Bayer,+49 214 301,"Bayer HQ, Leverkusen, Germany"
Health & Beauty,Bayer Aspirin Tablets (Travel Size),3.24,Bayer,+49 214 301,"Bayer HQ, Leverkusen, Germany"
Health & Beauty,Tums Antacid Chewable Tablets - Assorted Fruit (Roll),2.49,Haleon,+44 1932 822000,"Haleon HQ, Weybridge, UK"
Health & Beauty,Pepto Bismol Liquid (Travel Size),4.25,Procter & Gamble,+1 513-983-1100,"P&G HQ, Cincinnati, OH, USA"
Health & Beauty,Zyrtec Allergy Relief Tablets (Travel Size),6.35,Johnson & Johnson,+1 732-524-0400,"J&J HQ, New Brunswick, NJ, USA"
Health & Beauty,Benadryl Allergy Ultratabs (Travel Size),4.74,Johnson & Johnson,+1 732-524-0400,"J&J HQ, New Brunswick, NJ, USA"
Health & Beauty,Mucinex DM Expectorant/Cough Suppressant (Travel),5.86,Reckitt,+44 1753 217800,"Reckitt HQ, Slough, UK"
Health & Beauty,DayQuil Cold & Flu Liquid (Travel Size),4.63,Procter & Gamble,+1 513-983-1100,"P&G HQ, Cincinnati, OH, USA"
Health & Beauty,NyQuil Cold & Flu Liquid (Travel Size),4.63,Procter & Gamble,+1 513-983-1100,"P&G HQ, Cincinnati, OH, USA"
Health & Beauty,Halls Cough Drops - Mentho-Lyptus,2.74,Mondelez International,+1 847-943-4000,"Mondelez HQ, Chicago, IL, USA"
Health & Beauty,Riccola Natural Herb Cough Drops - Honey Lemon,2.19,Ricola,+41 61 765 41 21,"Ricola HQ, Laufen, Switzerland"
Health & Beauty,Band-Aid Brand Flexible Fabric Bandages (Small Pack),2.51,Johnson & Johnson,+1 732-524-0400,"J&J HQ, New Brunswick, NJ, USA"
Health & Beauty,Neosporin Original Ointment (Tube),4.79,Johnson & Johnson,+1 732-524-0400,"J&J HQ, New Brunswick, NJ, USA"
Health & Beauty,Generic Isopropyl Alcohol (Small Bottle),2.73,Perrigo / Other Private Label Supplier,+353 1 709 4000,"Perrigo HQ, Dublin, Ireland"
Health & Beauty,Colgate Total Toothpaste (Travel Size),1.92,Colgate-Palmolive,+1 212-310-2000,"Colgate-Palmolive HQ, New York, NY, USA"
Health & Beauty,Crest Pro-Health Toothpaste (Travel Size),2.35,Procter & Gamble,+1 513-983-1100,"P&G HQ, Cincinnati, OH, USA"
Health & Beauty,Sensodyne Pronamel Toothpaste (Travel Size),2.91,Haleon,+44 1932 822000,"Haleon HQ, Weybridge, UK"
Health & Beauty,Oral-B Indicator Contour Clean Toothbrush - Medium,3.92,Procter & Gamble,+1 513-983-1100,"P&G HQ, Cincinnati, OH, USA"
Health & Beauty,Colgate 360 Toothbrush - Soft,2.98,Colgate-Palmolive,+1 212-310-2000,"Colgate-Palmolive HQ, New York, NY, USA"
Health & Beauty,Listerine Cool Mint Antiseptic Mouthwash (Travel Size),3.72,Johnson & Johnson,+1 732-524-0400,"J&J HQ, New Brunswick, NJ, USA"
Health & Beauty,Oral-B Glide Pro-Health Comfort Plus Floss - Mint,2.95,Procter & Gamble,+1 513-983-1100,"P&G HQ, Cincinnati, OH, USA"
Health & Beauty,Fixodent Denture Adhesive Cream,4.90,Procter & Gamble,+1 513-983-1100,"P&G HQ, Cincinnati, OH, USA"
Health & Beauty,Polident Denture Cleanser Tablets,4.32,Haleon,+44 1932 822000,"Haleon HQ, Weybridge, UK"
Health & Beauty,Head & Shoulders Classic Clean Shampoo (Travel Size),3.11,Procter & Gamble,+1 513-983-1100,"P&G HQ, Cincinnati, OH, USA"
Health & Beauty,Pantene Pro-V Daily Moisture Renewal Shampoo (Travel),3.03,Procter & Gamble,+1 513-983-1100,"P&G HQ, Cincinnati, OH, USA"
Health & Beauty,Dove Deep Moisture Body Wash (Travel Size),3.30,Unilever,+44 20 7822 5252,"Unilever HQ, London, UK"
Health & Beauty,Irish Spring Bar Soap - Original,1.87,Colgate-Palmolive,+1 212-310-2000,"Colgate-Palmolive HQ, New York, NY, USA"
Health & Beauty,Dove Beauty Bar - White,1.94,Unilever,+44 20 7822 5252,"Unilever HQ, London, UK"
Health & Beauty,Old Spice High Endurance Deodorant - Pure Sport (Travel),3.85,Procter & Gamble,+1 513-983-1100,"P&G HQ, Cincinnati, OH, USA"
Health & Beauty,Secret Invisible Solid Antiperspirant/Deodorant - Powder Fresh (Travel),3.60,Procter & Gamble,+1 513-983-1100,"P&G HQ, Cincinnati, OH, USA"
Health & Beauty,Degree Dry Protection Antiperspirant - Shower Clean (Travel),3.63,Unilever,+44 20 7822 5252,"Unilever HQ, London, UK"
Health & Beauty,Axe Body Spray - Phoenix (Travel Size),3.84,Unilever,+44 20 7822 5252,"Unilever HQ, London, UK"
Health & Beauty,Jergens Ultra Healing Lotion (Travel Size),2.96,Kao Corporation,+81 3-3660-7111,"Kao HQ, Tokyo, Japan"
Health & Beauty,Neutrogena Makeup Remover Cleansing Towelettes (Travel),3.25,Johnson & Johnson,+1 732-524-0400,"J&J HQ, New Brunswick, NJ, USA"
Health & Beauty,ChapStick Classic Original Lip Balm,2.44,Haleon,+44 1932 822000,"Haleon HQ, Weybridge, UK"
Health & Beauty,Blistex Medicated Lip Balm,2.36,Blistex Inc.,+1 630-571-2870,"Blistex HQ, Oak Brook, IL, USA"
Health & Beauty,Purell Advanced Hand Sanitizer (Small Bottle),3.44,GOJO Industries,+1 330-255-6000,"GOJO HQ, Akron, OH, USA"
Health & Beauty,Kleenex Pocket Pack Facial Tissues,1.33,Kimberly-Clark,+1 972-281-1200,"Kimberly-Clark HQ, Irving, TX, USA"
Health & Beauty,Wet Ones Antibacterial Hand Wipes (Travel Pack),2.52,Edgewell Personal Care,+1 203-944-5500,"Edgewell HQ, Shelton, CT, USA"
Health & Beauty,Q-tips Cotton Swabs (Travel Pack),1.63,Unilever,+44 20 7822 5252,"Unilever HQ, London, UK"
Health & Beauty,Coppertone Sport Sunscreen Lotion SPF 30 (Travel Size),4.40,Beiersdorf,+49 40 49090,"Beiersdorf HQ, Hamburg, Germany"
Health & Beauty,Banana Boat Ultra Sport Sunscreen Lotion SPF 50 (Travel),4.33,Edgewell Personal Care,+1 203-944-5500,"Edgewell HQ, Shelton, CT, USA"
Health & Beauty,Neutrogena Ultra Sheer Dry-Touch Sunscreen SPF 45 (Travel),5.47,Johnson & Johnson,+1 732-524-0400,"J&J HQ, New Brunswick, NJ, USA"
Health & Beauty,Hawaiian Tropic Sheer Touch Lotion Sunscreen SPF 30,7.48,Edgewell Personal Care,+1 203-944-5500,"Edgewell HQ, Shelton, CT, USA"
Health & Beauty,Solimo After Sun Aloe Vera Gel (Travel Size),4.02,Amazon Brand (Private Label),N/A,See Amazon.com
Health & Beauty,Off! Deep Woods Insect Repellent (Travel Size),3.69,SC Johnson,+1 262-260-2000,"SC Johnson HQ, Racine, WI, USA"
Health & Beauty,Cutter Backwoods Insect Repellent (Travel Size),5.48,Spectrum Brands,+1 608-275-3340,"Spectrum Brands HQ, Middleton, WI, USA"
Health & Beauty,Always Ultra Thin Pads with Wings - Regular (Small Pack),4.14,Procter & Gamble,+1 513-983-1100,"P&G HQ, Cincinnati, OH, USA"
Health & Beauty,Tampax Pearl Tampons - Regular (Small Pack),4.06,Procter & Gamble,+1 513-983-1100,"P&G HQ, Cincinnati, OH, USA"
Health & Beauty,Kotex U Security Lightdays Liners (Small Pack),3.30,Kimberly-Clark,+1 972-281-1200,"Kimberly-Clark HQ, Irving, TX, USA"
Health & Beauty,Playtex Sport Tampons - Regular (Small Pack),4.31,Edgewell Personal Care,+1 203-944-5500,"Edgewell HQ, Shelton, CT, USA"
Health & Beauty,Summer's Eve Cleansing Cloths,4.88,Prestige Consumer Healthcare,+1 914-524-6800,"Prestige HQ, Tarrytown, NY, USA"
Health & Beauty,Bausch + Lomb Renu Multi-Purpose Solution (Travel),5.20,Bausch Health,+1 905-695-7700,"Bausch Health HQ, Laval, QC, Canada"
Health & Beauty,Opti-Free Puremoist Multi-Purpose Solution (Travel),5.69,Alcon,+41 58 911 2111,"Alcon HQ, Geneva, Switzerland"
Health & Beauty,Visine Red Eye Comfort Eye Drops,3.96,Johnson & Johnson,+1 732-524-0400,"J&J HQ, New Brunswick, NJ, USA"
Health & Beauty,Refresh Tears Lubricant Eye Drops,6.31,Allergan (AbbVie),+1 847-937-6100,"AbbVie HQ (Parent), North Chicago, IL, USA"
Health & Beauty,Revlon Compact Nail Clippers,2.96,Revlon,+1 212-527-4000,"Revlon HQ, New York, NY, USA"
Health & Beauty,Tweezerman Slant Tweezer (Mini),12.13,Zwilling J.A. Henckels,+49 212 8820,"Zwilling HQ, Solingen, Germany"
Health & Beauty,Goody Ouchless Hair Elastics,2.48,Newell Brands,+1 770-418-7000,"Newell Brands HQ, Atlanta, GA, USA"
Health & Beauty,Conair Pocket Comb,1.80,Conair Corporation,+1 203-709-9800,"Conair HQ, Stamford, CT, USA"
Health & Beauty,Gillette Sensor 3 Disposable Razor (Single),2.70,Procter & Gamble,+1 513-983-1100,"P&G HQ, Cincinnati, OH, USA"
Health & Beauty,Schick Hydro Silk Disposable Razor (Single),2.56,Edgewell Personal Care,+1 203-944-5500,"Edgewell HQ, Shelton, CT, USA"
Health & Beauty,Gillette Foamy Shave Cream (Travel Size),3.24,Procter & Gamble,+1 513-983-1100,"P&G HQ, Cincinnati, OH, USA"
Household Goods,Bounty Select-A-Size Paper Towels (Single Roll),2.07,Procter & Gamble,+1 513-983-1100,"P&G HQ, Cincinnati, OH, USA"
Household Goods,Charmin Ultra Soft Toilet Paper (Single Mega Roll),1.65,Procter & Gamble,+1 513-983-1100,"P&G HQ, Cincinnati, OH, USA"
Household Goods,Scott 1000 Toilet Paper (Single Roll),1.98,Kimberly-Clark,+1 972-281-1200,"Kimberly-Clark HQ, Irving, TX, USA"
Household Goods,Kleenex Facial Tissues (Box),2.47,Kimberly-Clark,+1 972-281-1200,"Kimberly-Clark HQ, Irving, TX, USA"
Household Goods,Vanity Fair Everyday Napkins (Pack),2.57,Georgia-Pacific,+1 404-652-4000,"Georgia-Pacific HQ, Atlanta, GA, USA"
Household Goods,Dixie Everyday Paper Plates (Small Pack),4.23,Georgia-Pacific,+1 404-652-4000,"Georgia-Pacific HQ, Atlanta, GA, USA"
Household Goods,Solo Squared Plastic Cups (Small Pack),4.96,Dart Container Corporation,+1 517-676-3800,"Dart Container HQ, Mason, MI, USA"
Household Goods,Generic Plastic Cutlery Assortment (Pack),3.23,Private Label Supplier,N/A,Contact Store for Details
Household Goods,Clorox Disinfecting Wipes - Lemon Scent (Container),4.76,The Clorox Company,+1 510-271-7000,"Clorox HQ, Oakland, CA, USA"
Household Goods,Lysol Disinfectant Spray - Crisp Linen,6.14,Reckitt,+44 1753 217800,"Reckitt HQ, Slough, UK"
Household Goods,Windex Original Glass Cleaner Spray (Small),3.63,SC Johnson,+1 262-260-2000,"SC Johnson HQ, Racine, WI, USA"
Household Goods,Formula 409 All-Purpose Cleaner Spray,4.16,The Clorox Company,+1 510-271-7000,"Clorox HQ, Oakland, CA, USA"
Household Goods,Dawn Ultra Dishwashing Liquid Soap - Original (Small),3.29,Procter & Gamble,+1 513-983-1100,"P&G HQ, Cincinnati, OH, USA"
Household Goods,Tide Pods Laundry Detergent Pacs (Small Bag),6.20,Procter & Gamble,+1 513-983-1100,"P&G HQ, Cincinnati, OH, USA"
Household Goods,Gain Liquid Laundry Detergent (Small Bottle),6.26,Procter & Gamble,+1 513-983-1100,"P&G HQ, Cincinnati, OH, USA"
Household Goods,Downy Fabric Softener Sheets - April Fresh (Small Box),3.90,Procter & Gamble,+1 513-983-1100,"P&G HQ, Cincinnati, OH, USA"
Household Goods,Clorox Regular Bleach (Small Bottle),2.49,The Clorox Company,+1 510-271-7000,"Clorox HQ, Oakland, CA, USA"
Household Goods,Scotch-Brite Heavy Duty Scrub Sponges (2-Pack),2.07,3M,+1 651-733-1110,"3M HQ, St. Paul, MN, USA"
Household Goods,Brillo Steel Wool Soap Pads,2.57,Armaly Brands,+1 248-547-6600,"Armaly Brands HQ, Walled Lake, MI, USA"
Household Goods,Lysol Power Toilet Bowl Cleaner,4.71,Reckitt,+44 1753 217800,"Reckitt HQ, Slough, UK"
Household Goods,Hefty Strong Tall Kitchen Trash Bags (Small Count),5.70,Reynolds Consumer Products,+1 847-482-2000,"Reynolds Consumer Products HQ, Lake Forest, IL, USA"
Household Goods,Ziploc Sandwich Bags (Small Count),3.09,SC Johnson,+1 262-260-2000,"SC Johnson HQ, Racine, WI, USA"
Household Goods,Ziploc Storage Bags - Gallon (Small Count),3.60,SC Johnson,+1 262-260-2000,"SC Johnson HQ, Racine, WI, USA"
Household Goods,Reynolds Wrap Aluminum Foil (Small Roll),3.60,Reynolds Consumer Products,+1 847-482-2000,"Reynolds Consumer Products HQ, Lake Forest, IL, USA"
Household Goods,Saran Premium Plastic Wrap (Small Roll),3.92,SC Johnson,+1 262-260-2000,"SC Johnson HQ, Racine, WI, USA"
Household Goods,Energizer MAX AA Batteries (4-Pack),5.63,Energizer Holdings,+1 314-985-2000,"Energizer HQ, St. Louis, MO, USA"
Household Goods,Duracell Coppertop AAA Batteries (4-Pack),5.84,Duracell Inc. (Berkshire Hathaway),+1 203-796-4000,"Duracell HQ, Bethel, CT, USA"
Household Goods,Energizer MAX 9V Battery (Single),5.12,Energizer Holdings,+1 314-985-2000,"Energizer HQ, St. Louis, MO, USA"
Household Goods,Duracell Coppertop C Batteries (2-Pack),5.56,Duracell Inc.,N/A,N/A
Household Goods,Energizer MAX D Batteries (2-Pack),6.18,Energizer Holdings,+1 314-985-2000,"Energizer HQ, St. Louis, MO, USA"
Household Goods,BIC Classic Lighter - Disposable,2.72,Société Bic,+33 1 45 19 52 00,"Bic HQ, Clichy, France"
Household Goods,Diamond Strike-on-Box Matches,1.15,Newell Brands,+1 770-418-7000,"Newell Brands HQ, Atlanta, GA, USA"
Household Goods,GE LED Light Bulb - 60W Equivalent Soft White,3.27,Savant Systems (GE Lighting),+1 800-435-4448,GE Lighting Customer Service
Household Goods,Energizer LED Flashlight (Small),11.07,Energizer Holdings,+1 314-985-2000,"Energizer HQ, St. Louis, MO, USA"
Household Goods,Gorilla Super Glue Gel,3.99,The Gorilla Glue Company,+1 513-271-3300,"Gorilla Glue HQ, Cincinnati, OH, USA"
Household Goods,Scotch Heavy Duty Duct Tape (Small Roll),4.32,3M,+1 651-733-1110,"3M HQ, St. Paul, MN, USA"
Household Goods,WD-40 Multi-Use Product (Small Can),4.96,WD-40 Company,+1 619-275-1400,"WD-40 HQ, San Diego, CA, USA"
Household Goods,Stanley Basic Utility Knife,6.33,Stanley Black & Decker,+1 860-225-5111,"Stanley Black & Decker HQ, New Britain, CT, USA"
Household Goods,Stanley PowerLock Tape Measure (Small),6.89,Stanley Black & Decker,+1 860-225-5111,"Stanley Black & Decker HQ, New Britain, CT, USA"
Household Goods,Mechanix Wear Original Work Gloves,23.82,Mechanix Wear,+1 800-222-4296,"Mechanix Wear HQ, Valencia, CA, USA"
Household Goods,Little Trees Car Air Freshener - Black Ice,3.77,Car-Freshner Corporation,+1 315-788-6250,"Car-Freshner HQ, Watertown, NY, USA"
Household Goods,Armor All Original Protectant Wipes,6.64,Energizer Holdings,+1 314-985-2000,"Energizer HQ, St. Louis, MO, USA"
Household Goods,Prestone Windshield Washer Fluid (Gallon),3.96,Prestone Products Corporation,+1 203-731-0700,"Prestone HQ, Danbury, CT, USA"
Household Goods,Castrol GTX Motor Oil (Quart),7.62,BP (Castrol),+44 1793 512712,Castrol UK HQ (Example)
Household Goods,Slime Tire Pressure Gauge,4.16,Illinois Tool Works (Slime),+1 888-457-5463,Slime Customer Service
Household Goods,Glade Clean Linen Air Freshener Spray,3.54,SC Johnson,+1 262-260-2000,"SC Johnson HQ, Racine, WI, USA"
Household Goods,Febreze Air Effects - Linen & Sky,4.87,Procter & Gamble,+1 513-983-1100,"P&G HQ, Cincinnati, OH, USA"
Household Goods,Yankee Candle Car Jar - MidSummer's Night,4.07,Newell Brands,+1 770-418-7000,"Newell Brands HQ, Atlanta, GA, USA"
Household Goods,Raid Ant & Roach Killer Spray,6.25,SC Johnson,+1 262-260-2000,"SC Johnson HQ, Racine, WI, USA"
Household Goods,Hot Shot Flying Insect Killer,5.02,Spectrum Brands,+1 608-275-3340,"Spectrum Brands HQ, Middleton, WI, USA"
Household Goods,Victor Metal Pedal Mouse Trap,4.18,Woodstream Corporation,+1 717-626-2125,"Woodstream HQ, Lititz, PA, USA"
Household Goods,Command Medium Picture Hanging Strips,6.28,3M,+1 651-733-1110,"3M HQ, St. Paul, MN, USA"
Tobacco & Alternatives,Marlboro Red Cigarettes Pack,9.27,Altria Group (Philip Morris USA),+1 804-274-2200,"Altria HQ, Richmond, VA, USA"
Tobacco & Alternatives,Marlboro Gold Cigarettes Pack,10.61,Altria Group (Philip Morris USA),+1 804-274-2200,"Altria HQ, Richmond, VA, USA"
Tobacco & Alternatives,Newport Menthol Cigarettes Pack,8.08,R.J. Reynolds Tobacco Company (BAT),+1 336-741-5500,"RJ Reynolds HQ, Winston-Salem, NC, USA"
Tobacco & Alternatives,Camel Blue Cigarettes Pack,8.92,R.J. Reynolds Tobacco Company (BAT),+1 336-741-5500,"RJ Reynolds HQ, Winston-Salem, NC, USA"
Tobacco & Alternatives,Parliament Lights Cigarettes Pack,8.70,Altria Group (Philip Morris USA),+1 804-274-2200,"Altria HQ, Richmond, VA, USA"
Tobacco & Alternatives,American Spirit Yellow Pack,10.43,R.J. Reynolds Tobacco Company (BAT),+1 336-741-5500,"RJ Reynolds HQ, Winston-Salem, NC, USA"
Tobacco & Alternatives,Winston Red Cigarettes Pack,7.62,ITG Brands,+1 336-335-7000,"ITG Brands HQ, Greensboro, NC, USA"
Tobacco & Alternatives,Kool Menthol Cigarettes Pack,9.84,ITG Brands,+1 336-335-7000,"ITG Brands HQ, Greensboro, NC, USA"
Tobacco & Alternatives,Juul Device Kit,14.59,Juul Labs,+1 855-509-5885,Juul Labs Customer Service
Tobacco & Alternatives,Juul Pods - Virginia Tobacco (4-pack),19.31,Juul Labs,+1 855-509-5885,Juul Labs Customer Service
Tobacco & Alternatives,Vuse Alto Power Unit,12.08,R.J. Reynolds Vapor Company (BAT),+1 877-614-8873,Vuse Customer Service
Tobacco & Alternatives,Vuse Alto Pods - Golden Tobacco (2-pack),11.74,R.J. Reynolds Vapor Company (BAT),+1 877-614-8873,Vuse Customer Service
Tobacco & Alternatives,Naked 100 E-Liquid - Lava Flow (30ml),22.23,USA Vape Lab,+1 626-478-2700,"USA Vape Lab HQ, City of Industry, CA, USA"
Tobacco & Alternatives,Vapetasia E-Liquid - Killer Kustard (60ml),23.09,Vapetasia,+1 702-329-8010,"Vapetasia HQ, Las Vegas, NV, USA"
Tobacco & Alternatives,SMOK Nord Replacement Coils (5-Pack),16.58,"Shenzhen IVPS Technology Co., Ltd. (SMOK)",+86 755 8660 6751,"SMOK HQ, Shenzhen, China"
Tobacco & Alternatives,Copenhagen Long Cut Wintergreen Snuff,7.19,U.S. Smokeless Tobacco Company (Altria),+1 804-274-2200,"Altria HQ, Richmond, VA, USA"
Tobacco & Alternatives,Skoal Bandits Wintergreen Pouches,8.68,U.S. Smokeless Tobacco Company (Altria),+1 804-274-2200,"Altria HQ, Richmond, VA, USA"
Tobacco & Alternatives,Grizzly Long Cut Wintergreen,6.95,American Snuff Company (BAT),+1 901-381-2000,"American Snuff HQ, Memphis, TN, USA"
Tobacco & Alternatives,Kodiak Wintergreen Long Cut,6.58,American Snuff Company (BAT),+1 901-381-2000,"American Snuff HQ, Memphis, TN, USA"
Tobacco & Alternatives,Red Man Golden Blend Chewing Tobacco Pouch,9.87,Swedish Match,+46 8 658 02 00,"Swedish Match HQ, Stockholm, Sweden"
Tobacco & Alternatives,General Snus - Mint Portion,7.34,Swedish Match,+46 8 658 02 00,"Swedish Match HQ, Stockholm, Sweden"
Tobacco & Alternatives,Zyn Nicotine Pouches - Cool Mint 6mg,6.73,Swedish Match,+46 8 658 02 00,"Swedish Match HQ, Stockholm, Sweden"
Tobacco & Alternatives,On! Nicotine Pouches - Wintergreen 4mg,6.47,Altria Group (Helix Innovations),+1 804-274-2200,"Altria HQ, Richmond, VA, USA"
Tobacco & Alternatives,Swisher Sweets Cigarillos (2-pack),1.69,Swisher International,+1 904-353-4311,"Swisher HQ, Jacksonville, FL, USA"
Tobacco & Alternatives,Black & Mild Wine Wood Tip Cigarillo (Single),1.80,John Middleton Co. (Altria),+1 610-265-1400,"John Middleton Co. HQ, King of Prussia, PA, USA"
Tobacco & Alternatives,Backwoods Honey Berry Cigars (5-pack),6.37,ITG Brands,+1 336-335-7000,"ITG Brands HQ, Greensboro, NC, USA"
Tobacco & Alternatives,Dutch Masters Palma Cigar (Single),1.89,ITG Brands,+1 336-335-7000,"ITG Brands HQ, Greensboro, NC, USA"
Tobacco & Alternatives,Acid Kuba Kuba Cigar (Single),12.82,Drew Estate,+1 786-581-1800,"Drew Estate HQ, Miami, FL, USA"
Tobacco & Alternatives,RAW Classic Rolling Papers - 1 1/4 Size,2.22,HBI International,+1 602-437-1717,"HBI International HQ, Phoenix, AZ, USA"
Tobacco & Alternatives,Zig-Zag Orange Rolling Papers - 1 1/4 Size,2.69,Turning Point Brands,+1 502-774-9200,"Turning Point Brands HQ, Louisville, KY, USA"
Tobacco & Alternatives,Top Cigarette Tobacco Pouch,6.58,Republic Tobacco,+1 847-832-9700,"Republic Tobacco HQ, Glenview, IL, USA"
Tobacco & Alternatives,Gambler Tube Cut Pipe Tobacco Pouch,6.26,Republic Tobacco,+1 847-832-9700,"Republic Tobacco HQ, Glenview, IL, USA"
Miscellaneous,Vogue Magazine,7.93,Condé Nast,+1 212-286-2860,"Condé Nast HQ, New York, NY, USA"
Miscellaneous,Cosmopolitan Magazine,6.86,Hearst Communications,+1 212-649-2000,"Hearst HQ, New York, NY, USA"
Miscellaneous,People Magazine,6.94,Dotdash Meredith,+1 212-522-1212,"Dotdash Meredith HQ, New York, NY, USA"
Miscellaneous,Sports Illustrated Magazine,7.36,Arena Group,+1 212-329-2400,"Arena Group HQ, New York, NY, USA"
Miscellaneous,"Local Newspaper (e.g., City Times)",2.14,Local Publisher,N/A,See Newspaper Masthead
Miscellaneous,USA Today Newspaper,3.33,Gannett,+1 703-854-6000,"Gannett HQ, McLean, VA, USA"
Miscellaneous,The Wall Street Journal Newspaper,4.94,Dow Jones & Company (News Corp),+1 212-416-2000,"Dow Jones HQ, New York, NY, USA"
Miscellaneous,Penny Dell Crossword Puzzle Book,3.93,Penny Publications,+1 203-866-6688,"Penny Publications HQ, Norwalk, CT, USA"
Miscellaneous,State Lottery Scratch Ticket - $1,1.00,State Lottery Commission,N/A,See State Lottery Website
Miscellaneous,State Lottery Scratch Ticket - $5,5.00,State Lottery Commission,N/A,See State Lottery Website
Miscellaneous,Powerball Lottery Ticket,2.00,Multi-State Lottery Association,+1 515-453-1400,"MUSL HQ, Clive, IA, USA"
Miscellaneous,Mega Millions Lottery Ticket,2.00,Multi-State Lottery Association,+1 515-453-1400,"MUSL HQ, Clive, IA, USA"
Miscellaneous,Anker PowerLine+ USB-C Cable (3ft),16.51,Anker Innovations,+1 800-988-7973,Anker Customer Support
Miscellaneous,Apple Lightning to USB Cable (1m),22.36,Apple Inc.,+1 800-275-2273,Apple Customer Support
Miscellaneous,Belkin BoostCharge USB Wall Charger (12W),11.94,Belkin International,+1 800-223-5546,Belkin Customer Support
Miscellaneous,Anker PowerPort Mini Dual USB Wall Charger,18.06,Anker Innovations,+1 800-988-7973,Anker Customer Support
Miscellaneous,Scosche ReVolt Dual USB Car Charger,15.14,Scosche Industries,+1 800-753-6200,Scosche Customer Support
Miscellaneous,Sony Wired Earbuds MDR-EX15AP,13.86,Sony Corporation,+81 50-3750-9600,"Sony HQ, Tokyo, Japan"
Miscellaneous,Skullcandy Jib Wired Earbuds,12.27,Skullcandy,+1 888-697-5855,Skullcandy Customer Support
Miscellaneous,Foster Grant Reading Glasses,17.48,FGX International (EssilorLuxottica),+1 800-426-6396,Foster Grant Customer Service
Miscellaneous,Totes Mini Umbrella,10.46,Totes Isotoner Corporation,+1 513-682-8500,"Totes Isotoner HQ, Cincinnati, OH, USA"
Miscellaneous,Bicycle Standard Playing Cards Deck,4.47,The United States Playing Card Company,+1 859-815-7400,"USPCC HQ, Erlanger, KY, USA"
Miscellaneous,BIC Round Stic Ballpoint Pen (Single),1.30,Société Bic,+33 1 45 19 52 00,"Bic HQ, Clichy, France"
Miscellaneous,Sharpie Fine Point Permanent Marker - Black,2.04,Newell Brands,+1 770-418-7000,"Newell Brands HQ, Atlanta, GA, USA"
Miscellaneous,Mead Spiral Notebook - 1 Subject,2.19,ACCO Brands,+1 847-541-9500,"ACCO Brands HQ, Lake Zurich, IL, USA"
Miscellaneous,Visa Prepaid Gift Card ($25 Face Value + Fee),26.19,Visa / Blackhawk Network / InComm,N/A,See Card Issuer Details
Miscellaneous,Starbucks Gift Card ($15),15.00,Starbucks Corporation,+1 800-782-7282,Starbucks Customer Service
Miscellaneous,Amazon Gift Card ($25),25.00,Amazon.com,+1 888-280-4331,Amazon Customer Service
Miscellaneous,Milk-Bone Original Dog Biscuits (Small Box),5.37,The J.M. Smucker Company,+1 330-682-3000,"J.M. Smucker HQ, Orrville, OH, USA"
Miscellaneous,Pedigree Dentastix Dog Treats (Small Pack),4.49,Mars Petcare,+1 800-525-5273,Mars Petcare Consumer Care
Miscellaneous,Temptations Classic Cat Treats - Tasty Chicken,3.75,Mars Petcare,+1 800-525-5273,Mars Petcare Consumer Care
Miscellaneous,Hartz UltraGuard Flea & Tick Collar for Dogs,10.09,Hartz Mountain Corporation,+1 800-275-1414,Hartz Customer Service